timestamp,accuracy,f1_score,recall,precision,kappa,confusion_matrix,threshold_used,native_language,education_level,age_group,english_level,job_category,reading_domain
2025-08-04 18:02:26,"(0.76, 0.67)","(0.3684210526315789, 0.5822784810126582)","(0.2413793103448276, 0.7931034482758621)","(0.7777777777777778, 0.46)","(0.2678462477120196, 0.33999999999999997)","('[[69  2]\n [22  7]]', '[[44 27]\n [ 6 23]]')",0.29,French,Ph.D.,"(18, 25)",Advanced,Education & Research,Businness News
2025-08-04 18:11:36,"(0.64, 0.77)","(0.5384615384615384, 0.7415730337078652)","(0.42, 0.66)","(0.75, 0.8461538461538461)","(0.28, 0.54)","('[[43  7]\n [29 21]]', '[[44  6]\n [17 33]]')",0.5,Turkish,High School,"(30, 40)",Intermediate,Business & Office Work,Businness News
2025-08-04 18:55:54,"(0.68, 0.67)","(0.6097560975609756, 0.6206896551724138)","(0.5102040816326531, 0.5510204081632653)","(0.7575757575757576, 0.7105263157894737)","(0.35561820378574305, 0.33681672025723475)","('[[43  8]\n [24 25]]', '[[40 11]\n [22 27]]')",0.49,Spanish,Ph.D.,"(25, 30)",Advanced,Skilled Trades & Vocational,Businness News
2025-08-04 19:05:00,"(0.8, 0.77)","(0.6774193548387096, 0.7088607594936709)","(0.5526315789473685, 0.7368421052631579)","(0.875, 0.6829268292682927)","(0.5429616087751371, 0.5192307692307693)","('[[59  3]\n [17 21]]', '[[49 13]\n [10 28]]')",0.38,Italian,Ph.D.,"(30, 40)",Advanced,Creative & Communication,Social Media
2025-08-04 19:39:24,"(0.76, 0.78)","(0.7272727272727273, 0.75)","(0.64, 0.66)","(0.8421052631578947, 0.868421052631579)","(0.52, 0.56)","('[[44  6]\n [18 32]]', '[[45  5]\n [17 33]]')",0.5,Mandarin,Ph.D.,"(25, 30)",Beginner,Service & Hospitality,Fiction
2025-08-04 19:49:00,"(0.81, 0.79)","(0.7816091954022989, 0.7640449438202247)","(0.68, 0.68)","(0.918918918918919, 0.8717948717948718)","(0.62, 0.5800000000000001)","('[[47  3]\n [16 34]]', '[[45  5]\n [16 34]]')",0.5,Spanish,Masters,"(30, 40)",Intermediate,Government & Legal,Fiction
2025-08-04 19:49:14,"(0.64, 0.72)","(0.4857142857142857, 0.7142857142857143)","(0.3541666666666667, 0.7291666666666666)","(0.7727272727272727, 0.7)","(0.26350245499181657, 0.43999999999999995)","('[[47  5]\n [31 17]]', '[[37 15]\n [13 35]]')",0.48,Arabic,Ph.D.,"(18, 25)",Advanced,Skilled Trades & Vocational,Fiction
2025-08-04 20:10:26,"(0.81, 0.84)","(0.831858407079646, 0.8518518518518519)","(0.94, 0.92)","(0.746031746031746, 0.7931034482758621)","(0.62, 0.6799999999999999)","('[[34 16]\n [ 3 47]]', '[[38 12]\n [ 4 46]]')",0.5,French,Ph.D.,"(25, 30)",Beginner,Creative & Communication,Businness News
2025-08-04 20:42:13,"(0.7, 0.77)","(0.6052631578947368, 0.7766990291262136)","(0.46, 0.8)","(0.8846153846153846, 0.7547169811320755)","(0.4, 0.54)","('[[47  3]\n [27 23]]', '[[37 13]\n [10 40]]')",0.5,Arabic,Masters,"(25, 30)",Intermediate,Creative & Communication,Academic papers
2025-08-04 20:51:04,"(0.67, 0.77)","(0.56, 0.7526881720430108)","(0.42, 0.7)","(0.84, 0.813953488372093)","(0.33999999999999997, 0.54)","('[[46  4]\n [29 21]]', '[[42  8]\n [15 35]]')",0.5,Arabic,Ph.D.,"(25, 30)",Intermediate,Healthcare,Fiction
2025-08-04 20:59:43,"(0.55, 0.74)","(0.21052631578947367, 0.7592592592592593)","(0.12244897959183673, 0.8367346938775511)","(0.75, 0.6949152542372882)","(0.0846216436126932, 0.4818652849740933)","('[[49  2]\n [43  6]]', '[[33 18]\n [ 8 41]]')",0.49,French,Masters,"(25, 30)",Advanced,Skilled Trades & Vocational,Social Media
2025-08-04 21:09:12,"(0.84, 0.83)","(0.8490566037735849, 0.8380952380952381)","(0.9, 0.88)","(0.8035714285714286, 0.8)","(0.6799999999999999, 0.6599999999999999)","('[[39 11]\n [ 5 45]]', '[[39 11]\n [ 6 44]]')",0.5,Russian,Masters,"(18, 25)",Beginner,Education & Research,Fiction
2025-08-04 21:18:01,"(0.8, 0.81)","(0.782608695652174, 0.7912087912087912)","(0.72, 0.72)","(0.8571428571428571, 0.8780487804878049)","(0.6, 0.62)","('[[44  6]\n [14 36]]', '[[45  5]\n [14 36]]')",0.5,Russian,Bachelors,"(25, 30)",Beginner,Government & Legal,Academic papers
2025-08-04 21:26:35,"(0.72, 0.7)","(0.631578947368421, 0.6808510638297872)","(0.5, 0.6666666666666666)","(0.8571428571428571, 0.6956521739130435)","(0.4299674267100978, 0.3980738362760835)","('[[48  4]\n [24 24]]', '[[38 14]\n [16 32]]')",0.48,French,Masters,"(30, 40)",Intermediate,Business & Office Work,Academic papers
2025-08-04 21:35:14,"(0.67, 0.73)","(0.5217391304347826, 0.7157894736842105)","(0.36, 0.68)","(0.9473684210526315, 0.7555555555555555)","(0.33999999999999997, 0.45999999999999996)","('[[49  1]\n [32 18]]', '[[39 11]\n [16 34]]')",0.5,Italian,High School,"(18, 25)",Advanced,Government & Legal,Businness News
2025-08-04 21:44:01,"(0.54, 0.74)","(0.11538461538461539, 0.7291666666666666)","(0.061224489795918366, 0.7142857142857143)","(1.0, 0.7446808510638298)","(0.06237260497350183, 0.47937525030036043)","('[[51  0]\n [46  3]]', '[[39 12]\n [14 35]]')",0.49,Italian,Ph.D.,"(30, 40)",Intermediate,Creative & Communication,Social Media
2025-08-04 21:52:44,"(0.65, 0.82)","(0.4927536231884058, 0.8043478260869565)","(0.34, 0.74)","(0.8947368421052632, 0.8809523809523809)","(0.30000000000000004, 0.64)","('[[48  2]\n [33 17]]', '[[45  5]\n [13 37]]')",0.5,Arabic,Bachelors,"(30, 40)",Intermediate,Healthcare,Academic papers
2025-08-04 22:01:14,"(0.7, 0.77)","(0.5833333333333334, 0.7578947368421053)","(0.42857142857142855, 0.7346938775510204)","(0.9130434782608695, 0.782608695652174)","(0.393449251920744, 0.5392628205128205)","('[[49  2]\n [28 21]]', '[[41 10]\n [13 36]]')",0.49,Italian,Masters,"(18, 25)",Advanced,Service & Hospitality,Fiction
2025-08-04 22:09:44,"(0.65, 0.74)","(0.5454545454545454, 0.7592592592592593)","(0.42, 0.82)","(0.7777777777777778, 0.7068965517241379)","(0.30000000000000004, 0.48)","('[[44  6]\n [29 21]]', '[[33 17]\n [ 9 41]]')",0.5,Italian,Ph.D.,"(18, 25)",Intermediate,Business & Office Work,Non Fiction
2025-08-04 22:18:08,"(0.63, 0.77)","(0.4307692307692308, 0.7628865979381443)","(0.28, 0.74)","(0.9333333333333333, 0.7872340425531915)","(0.26, 0.54)","('[[49  1]\n [36 14]]', '[[40 10]\n [13 37]]')",0.5,Turkish,High School,"(30, 40)",Advanced,Technology & Engineering,Fiction
2025-08-04 22:26:48,"(0.75, 0.79)","(0.6835443037974683, 0.8037383177570093)","(0.54, 0.86)","(0.9310344827586207, 0.7543859649122807)","(0.5, 0.5800000000000001)","('[[48  2]\n [23 27]]', '[[36 14]\n [ 7 43]]')",0.5,Russian,Masters,"(25, 30)",Advanced,Government & Legal,Non Fiction
2025-08-04 22:35:15,"(0.77, 0.77)","(0.735632183908046, 0.780952380952381)","(0.6530612244897959, 0.8367346938775511)","(0.8421052631578947, 0.7321428571428571)","(0.537781350482315, 0.5411013567438148)","('[[45  6]\n [17 32]]', '[[36 15]\n [ 8 41]]')",0.49,Turkish,Masters,"(18, 25)",Advanced,Education & Research,Non Fiction
2025-08-04 22:43:38,"(0.65, 0.76)","(0.5205479452054794, 0.76)","(0.38, 0.76)","(0.8260869565217391, 0.76)","(0.30000000000000004, 0.52)","('[[46  4]\n [31 19]]', '[[38 12]\n [12 38]]')",0.5,Spanish,Bachelors,"(30, 40)",Advanced,Skilled Trades & Vocational,Businness News
2025-08-04 22:52:04,"(0.64, 0.73)","(0.45454545454545453, 0.7096774193548387)","(0.3, 0.66)","(0.9375, 0.7674418604651163)","(0.28, 0.45999999999999996)","('[[49  1]\n [35 15]]', '[[40 10]\n [17 33]]')",0.5,French,Bachelors,"(30, 40)",Intermediate,Healthcare,Academic papers
2025-08-04 23:00:27,"(0.85, 0.84)","(0.8514851485148515, 0.8367346938775511)","(0.86, 0.82)","(0.8431372549019608, 0.8541666666666666)","(0.7, 0.6799999999999999)","('[[42  8]\n [ 7 43]]', '[[43  7]\n [ 9 41]]')",0.5,Turkish,Masters,"(18, 25)",Beginner,Government & Legal,Social Media
2025-08-04 23:09:03,"(0.77, 0.79)","(0.735632183908046, 0.7692307692307693)","(0.64, 0.7)","(0.8648648648648649, 0.8536585365853658)","(0.54, 0.5800000000000001)","('[[45  5]\n [18 32]]', '[[44  6]\n [15 35]]')",0.5,Spanish,Ph.D.,"(30, 40)",Intermediate,Creative & Communication,Fiction
2025-08-04 23:17:27,"(0.89, 0.9)","(0.8910891089108911, 0.9)","(0.9, 0.9)","(0.8823529411764706, 0.9)","(0.78, 0.8)","('[[44  6]\n [ 5 45]]', '[[45  5]\n [ 5 45]]')",0.5,Arabic,Masters,"(25, 30)",Beginner,Education & Research,Academic papers
2025-08-04 23:25:44,"(0.75, 0.82)","(0.6835443037974683, 0.8235294117647058)","(0.54, 0.84)","(0.9310344827586207, 0.8076923076923077)","(0.5, 0.64)","('[[48  2]\n [23 27]]', '[[40 10]\n [ 8 42]]')",0.5,Spanish,Masters,"(25, 30)",Beginner,Healthcare,Non Fiction
2025-08-04 23:33:56,"(0.8, 0.83)","(0.7916666666666666, 0.8316831683168316)","(0.76, 0.84)","(0.8260869565217391, 0.8235294117647058)","(0.6, 0.6599999999999999)","('[[42  8]\n [12 38]]', '[[41  9]\n [ 8 42]]')",0.5,Turkish,Masters,"(18, 25)",Beginner,Business & Office Work,Academic papers
2025-08-04 23:42:03,"(0.77, 0.8)","(0.7889908256880734, 0.7959183673469388)","(0.8431372549019608, 0.7647058823529411)","(0.7413793103448276, 0.8297872340425532)","(0.5385232744783307, 0.6004794246903715)","('[[34 15]\n [ 8 43]]', '[[41  8]\n [12 39]]')",0.51,Arabic,Bachelors,"(18, 25)",Beginner,Education & Research,Non Fiction
2025-08-04 23:50:19,"(0.69, 0.68)","(0.6075949367088608, 0.6444444444444445)","(0.5853658536585366, 0.7073170731707317)","(0.631578947368421, 0.5918367346938775)","(0.35200668896321075, 0.3576876756322762)","('[[45 14]\n [17 24]]', '[[39 20]\n [12 29]]')",0.41,French,Masters,"(25, 30)",Advanced,Creative & Communication,Fiction
2025-08-04 23:58:29,"(0.71, 0.8)","(0.7289719626168224, 0.7916666666666666)","(0.7647058823529411, 0.7450980392156863)","(0.6964285714285714, 0.8444444444444444)","(0.4186046511627908, 0.6007984031936128)","('[[32 17]\n [12 39]]', '[[42  7]\n [13 38]]')",0.51,Spanish,High School,"(18, 25)",Beginner,Healthcare,Fiction
2025-08-05 00:06:39,"(0.78, 0.73)","(0.7380952380952381, 0.7378640776699029)","(0.6739130434782609, 0.8260869565217391)","(0.8157894736842105, 0.6666666666666666)","(0.5513866231647635, 0.4659810126582279)","('[[47  7]\n [15 31]]', '[[35 19]\n [ 8 38]]')",0.46,French,Ph.D.,"(25, 30)",Intermediate,Creative & Communication,Non Fiction
2025-08-05 00:31:45,"(0.76, 0.72)","(0.7692307692307693, 0.6818181818181818)","(0.8163265306122449, 0.6122448979591837)","(0.7272727272727273, 0.7692307692307693)","(0.5209580838323353, 0.43752511048613907)","('[[36 15]\n [ 9 40]]', '[[42  9]\n [19 30]]')",0.49,Italian,Masters,"(30, 40)",Beginner,Service & Hospitality,Non Fiction
2025-08-05 00:40:01,"(0.77, 0.75)","(0.684931506849315, 0.6987951807228916)","(0.6097560975609756, 0.7073170731707317)","(0.78125, 0.6904761904761905)","(0.5081266039349872, 0.485172981878089)","('[[52  7]\n [16 25]]', '[[46 13]\n [12 29]]')",0.41,Russian,Ph.D.,"(25, 30)",Advanced,Creative & Communication,Fiction
2025-08-05 00:48:12,"(0.67, 0.85)","(0.5352112676056338, 0.8623853211009175)","(0.38, 0.94)","(0.9047619047619048, 0.7966101694915254)","(0.33999999999999997, 0.7)","('[[48  2]\n [31 19]]', '[[38 12]\n [ 3 47]]')",0.5,Italian,Bachelors,"(18, 25)",Intermediate,Business & Office Work,Fiction
2025-08-05 00:56:11,"(0.87, 0.88)","(0.8761904761904762, 0.8888888888888888)","(0.92, 0.96)","(0.8363636363636363, 0.8275862068965517)","(0.74, 0.76)","('[[41  9]\n [ 4 46]]', '[[40 10]\n [ 2 48]]')",0.5,Italian,Bachelors,"(30, 40)",Beginner,Healthcare,Businness News
2025-08-05 01:04:25,"(0.67, 0.88)","(0.5352112676056338, 0.8867924528301887)","(0.38, 0.94)","(0.9047619047619048, 0.8392857142857143)","(0.33999999999999997, 0.76)","('[[48  2]\n [31 19]]', '[[41  9]\n [ 3 47]]')",0.5,Arabic,Masters,"(30, 40)",Intermediate,Skilled Trades & Vocational,Non Fiction
2025-08-05 01:12:34,"(0.65, 0.81)","(0.47761194029850745, 0.8256880733944955)","(0.32653061224489793, 0.9183673469387755)","(0.8888888888888888, 0.75)","(0.2909238249594813, 0.6215139442231076)","('[[49  2]\n [33 16]]', '[[36 15]\n [ 4 45]]')",0.49,Mandarin,Ph.D.,"(30, 40)",Intermediate,Service & Hospitality,Fiction
2025-08-05 01:21:08,"(0.73, 0.73)","(0.7326732673267327, 0.7326732673267327)","(0.7115384615384616, 0.7115384615384616)","(0.7551020408163265, 0.7551020408163265)","(0.460431654676259, 0.460431654676259)","('[[36 12]\n [15 37]]', '[[36 12]\n [15 37]]')",0.52,Arabic,High School,"(25, 30)",Beginner,Service & Hospitality,Social Media
2025-08-05 01:29:29,"(0.69, 0.79)","(0.6265060240963856, 0.7835051546391752)","(0.52, 0.76)","(0.7878787878787878, 0.8085106382978723)","(0.38, 0.5800000000000001)","('[[43  7]\n [24 26]]', '[[41  9]\n [12 38]]')",0.5,French,High School,"(18, 25)",Intermediate,Healthcare,Non Fiction
2025-08-05 01:37:39,"(0.76, 0.76)","(0.7391304347826086, 0.7551020408163265)","(0.68, 0.74)","(0.8095238095238095, 0.7708333333333334)","(0.52, 0.52)","('[[42  8]\n [16 34]]', '[[39 11]\n [13 37]]')",0.5,Arabic,Ph.D.,"(18, 25)",Intermediate,Creative & Communication,Businness News
2025-08-05 01:45:46,"(0.69, 0.83)","(0.6075949367088608, 0.8316831683168316)","(0.48, 0.84)","(0.8275862068965517, 0.8235294117647058)","(0.38, 0.6599999999999999)","('[[45  5]\n [26 24]]', '[[41  9]\n [ 8 42]]')",0.5,Mandarin,Masters,"(25, 30)",Intermediate,Creative & Communication,Non Fiction
2025-08-05 01:53:52,"(0.76, 0.78)","(0.7073170731707317, 0.78)","(0.5918367346938775, 0.7959183673469388)","(0.8787878787878788, 0.7647058823529411)","(0.5167136528393073, 0.5601759296281488)","('[[47  4]\n [20 29]]', '[[39 12]\n [10 39]]')",0.49,Turkish,Ph.D.,"(25, 30)",Intermediate,Business & Office Work,Academic papers
2025-08-05 02:01:56,"(0.71, 0.73)","(0.5915492957746479, 0.6666666666666666)","(0.44680851063829785, 0.574468085106383)","(0.875, 0.7941176470588235)","(0.4013212221304706, 0.44942903752039154)","('[[50  3]\n [26 21]]', '[[46  7]\n [20 27]]')",0.47,Mandarin,Ph.D.,"(30, 40)",Advanced,Creative & Communication,Businness News
2025-08-05 02:10:10,"(0.75, 0.77)","(0.7368421052631579, 0.735632183908046)","(0.6862745098039216, 0.6274509803921569)","(0.7954545454545454, 0.8888888888888888)","(0.5011971268954509, 0.5425616547334924)","('[[40  9]\n [16 35]]', '[[45  4]\n [19 32]]')",0.51,Arabic,Masters,"(30, 40)",Beginner,Healthcare,Academic papers
2025-08-05 02:18:27,"(0.79, 0.78)","(0.7789473684210526, 0.7608695652173914)","(0.7115384615384616, 0.6730769230769231)","(0.8604651162790697, 0.875)","(0.5823389021479713, 0.5634920634920635)","('[[42  6]\n [15 37]]', '[[43  5]\n [17 35]]')",0.52,Mandarin,High School,"(18, 25)",Beginner,Service & Hospitality,Fiction
2025-08-05 02:27:03,"(0.69, 0.73)","(0.5866666666666667, 0.7378640776699029)","(0.4888888888888889, 0.8444444444444444)","(0.7333333333333333, 0.6551724137931034)","(0.35416666666666663, 0.46850393700787396)","('[[47  8]\n [23 22]]', '[[35 20]\n [ 7 38]]')",0.45,Mandarin,Ph.D.,"(18, 25)",Advanced,Creative & Communication,Academic papers
2025-08-05 02:35:34,"(0.55, 0.77)","(0.21052631578947367, 0.7964601769911505)","(0.12, 0.9)","(0.8571428571428571, 0.7142857142857143)","(0.09999999999999998, 0.54)","('[[49  1]\n [44  6]]', '[[32 18]\n [ 5 45]]')",0.5,Italian,Bachelors,"(18, 25)",Advanced,Creative & Communication,Businness News
2025-08-05 02:44:12,"(0.86, 0.82)","(0.851063829787234, 0.8301886792452831)","(0.8, 0.88)","(0.9090909090909091, 0.7857142857142857)","(0.72, 0.64)","('[[46  4]\n [10 40]]', '[[38 12]\n [ 6 44]]')",0.5,Arabic,Masters,"(18, 25)",Beginner,Healthcare,Academic papers
2025-08-05 02:52:11,"(0.76, 0.8)","(0.7391304347826086, 0.8181818181818182)","(0.6938775510204082, 0.9183673469387755)","(0.7906976744186046, 0.7377049180327869)","(0.5186522262334536, 0.6017522899243329)","('[[42  9]\n [15 34]]', '[[35 16]\n [ 4 45]]')",0.49,French,Ph.D.,"(18, 25)",Beginner,Skilled Trades & Vocational,Academic papers
2025-08-05 03:00:11,"(0.73, 0.73)","(0.7032967032967034, 0.6896551724137931)","(0.64, 0.6)","(0.7804878048780488, 0.8108108108108109)","(0.45999999999999996, 0.45999999999999996)","('[[41  9]\n [18 32]]', '[[43  7]\n [20 30]]')",0.5,Mandarin,High School,"(30, 40)",Intermediate,Education & Research,Fiction
2025-08-05 03:08:28,"(0.75, 0.8)","(0.7191011235955056, 0.7916666666666666)","(0.64, 0.76)","(0.8205128205128205, 0.8260869565217391)","(0.5, 0.6)","('[[43  7]\n [18 32]]', '[[42  8]\n [12 38]]')",0.5,Arabic,Bachelors,"(30, 40)",Beginner,Technology & Engineering,Fiction
2025-08-05 03:16:51,"(0.68, 0.76)","(0.5789473684210527, 0.7333333333333333)","(0.4489795918367347, 0.673469387755102)","(0.8148148148148148, 0.8048780487804879)","(0.3540573274121922, 0.5182657567242072)","('[[46  5]\n [27 22]]', '[[43  8]\n [16 33]]')",0.49,Arabic,Masters,"(30, 40)",Advanced,Healthcare,Academic papers
2025-08-05 03:24:59,"(0.8, 0.74)","(0.8076923076923077, 0.675)","(0.84, 0.54)","(0.7777777777777778, 0.9)","(0.6, 0.48)","('[[38 12]\n [ 8 42]]', '[[47  3]\n [23 27]]')",0.5,Turkish,Bachelors,"(30, 40)",Beginner,Government & Legal,Social Media
2025-08-05 03:33:31,"(0.68, 0.72)","(0.6097560975609756, 0.6818181818181818)","(0.5102040816326531, 0.6122448979591837)","(0.7575757575757576, 0.7692307692307693)","(0.35561820378574305, 0.43752511048613907)","('[[43  8]\n [24 25]]', '[[42  9]\n [19 30]]')",0.49,Mandarin,Bachelors,"(25, 30)",Advanced,Government & Legal,Fiction
2025-08-05 03:42:05,"(0.65, 0.78)","(0.47761194029850745, 0.75)","(0.32, 0.66)","(0.9411764705882353, 0.868421052631579)","(0.30000000000000004, 0.56)","('[[49  1]\n [34 16]]', '[[45  5]\n [17 33]]')",0.5,Mandarin,High School,"(18, 25)",Beginner,Technology & Engineering,Social Media
2025-08-05 03:50:26,"(0.78, 0.81)","(0.78, 0.8118811881188119)","(0.78, 0.82)","(0.78, 0.803921568627451)","(0.56, 0.62)","('[[39 11]\n [11 39]]', '[[40 10]\n [ 9 41]]')",0.5,Arabic,Bachelors,"(25, 30)",Beginner,Skilled Trades & Vocational,Non Fiction
2025-08-05 03:58:56,"(0.67, 0.71)","(0.5925925925925926, 0.6741573033707865)","(0.48, 0.6)","(0.7741935483870968, 0.7692307692307693)","(0.33999999999999997, 0.42000000000000004)","('[[43  7]\n [26 24]]', '[[41  9]\n [20 30]]')",0.5,Arabic,Ph.D.,"(30, 40)",Intermediate,Education & Research,Businness News
2025-08-05 04:07:26,"(0.72, 0.82)","(0.6585365853658537, 0.8269230769230769)","(0.54, 0.86)","(0.84375, 0.7962962962962963)","(0.43999999999999995, 0.64)","('[[45  5]\n [23 27]]', '[[39 11]\n [ 7 43]]')",0.5,Russian,High School,"(18, 25)",Intermediate,Skilled Trades & Vocational,Businness News
2025-08-05 04:16:00,"(0.74, 0.78)","(0.7636363636363637, 0.7708333333333334)","(0.84, 0.74)","(0.7, 0.8043478260869565)","(0.48, 0.56)","('[[32 18]\n [ 8 42]]', '[[41  9]\n [13 37]]')",0.5,Turkish,High School,"(30, 40)",Advanced,Business & Office Work,Non Fiction
2025-08-05 04:24:40,"(0.67, 0.72)","(0.5714285714285714, 0.72)","(0.44, 0.72)","(0.8148148148148148, 0.72)","(0.33999999999999997, 0.43999999999999995)","('[[45  5]\n [28 22]]', '[[36 14]\n [14 36]]')",0.5,Mandarin,Bachelors,"(18, 25)",Advanced,Technology & Engineering,Social Media
2025-08-05 04:33:44,"(0.7, 0.81)","(0.6428571428571429, 0.8)","(0.54, 0.76)","(0.7941176470588235, 0.8444444444444444)","(0.4, 0.62)","('[[43  7]\n [23 27]]', '[[43  7]\n [12 38]]')",0.5,Spanish,Ph.D.,"(18, 25)",Beginner,Government & Legal,Businness News
2025-08-05 04:42:38,"(0.71, 0.78)","(0.6419753086419753, 0.7755102040816326)","(0.52, 0.76)","(0.8387096774193549, 0.7916666666666666)","(0.42000000000000004, 0.56)","('[[45  5]\n [24 26]]', '[[40 10]\n [12 38]]')",0.5,Italian,Masters,"(18, 25)",Intermediate,Creative & Communication,Social Media
2025-08-05 04:51:28,"(0.7, 0.75)","(0.6052631578947368, 0.7368421052631579)","(0.45098039215686275, 0.6862745098039216)","(0.92, 0.7954545454545454)","(0.40594059405940597, 0.5011971268954509)","('[[47  2]\n [28 23]]', '[[40  9]\n [16 35]]')",0.51,Turkish,High School,"(30, 40)",Beginner,Skilled Trades & Vocational,Social Media
2025-08-05 05:00:08,"(0.67, 0.72)","(0.5822784810126582, 0.72)","(0.46938775510204084, 0.7346938775510204)","(0.7666666666666667, 0.7058823529411765)","(0.33467741935483863, 0.44022391043582565)","('[[44  7]\n [26 23]]', '[[36 15]\n [13 36]]')",0.49,Turkish,Masters,"(25, 30)",Advanced,Technology & Engineering,Non Fiction
2025-08-05 05:09:03,"(0.7, 0.76)","(0.6153846153846154, 0.75)","(0.4897959183673469, 0.7346938775510204)","(0.8275862068965517, 0.7659574468085106)","(0.39491730536506653, 0.5194233079695634)","('[[46  5]\n [25 24]]', '[[40 11]\n [13 36]]')",0.49,Mandarin,Masters,"(18, 25)",Advanced,Education & Research,Businness News
2025-08-05 05:17:54,"(0.71, 0.76)","(0.7339449541284404, 0.7692307692307693)","(0.7843137254901961, 0.7843137254901961)","(0.6896551724137931, 0.7547169811320755)","(0.4181380417335474, 0.5194233079695634)","('[[31 18]\n [11 40]]', '[[36 13]\n [11 40]]')",0.51,Spanish,Masters,"(18, 25)",Beginner,Service & Hospitality,Non Fiction
2025-08-05 05:26:48,"(0.72, 0.81)","(0.6585365853658537, 0.8118811881188119)","(0.54, 0.82)","(0.84375, 0.803921568627451)","(0.43999999999999995, 0.62)","('[[45  5]\n [23 27]]', '[[40 10]\n [ 9 41]]')",0.5,Italian,High School,"(30, 40)",Beginner,Technology & Engineering,Fiction
2025-08-05 05:35:33,"(0.6, 0.73)","(0.3548387096774194, 0.7326732673267327)","(0.22448979591836735, 0.7551020408163265)","(0.8461538461538461, 0.7115384615384616)","(0.1879821356069834, 0.460431654676259)","('[[49  2]\n [38 11]]', '[[36 15]\n [12 37]]')",0.49,French,Ph.D.,"(18, 25)",Intermediate,Creative & Communication,Fiction
2025-08-05 05:44:25,"(0.74, 0.76)","(0.7045454545454546, 0.7818181818181819)","(0.62, 0.86)","(0.8157894736842105, 0.7166666666666667)","(0.48, 0.52)","('[[43  7]\n [19 31]]', '[[33 17]\n [ 7 43]]')",0.5,Arabic,High School,"(18, 25)",Advanced,Business & Office Work,Businness News
2025-08-05 05:52:42,"(0.57, 0.74)","(0.31746031746031744, 0.717391304347826)","(0.2, 0.66)","(0.7692307692307693, 0.7857142857142857)","(0.14, 0.48)","('[[47  3]\n [40 10]]', '[[41  9]\n [17 33]]')",0.5,Mandarin,High School,"(30, 40)",Advanced,Creative & Communication,Academic papers
2025-08-05 06:01:23,"(0.68, 0.77)","(0.4838709677419355, 0.7415730337078652)","(0.32608695652173914, 0.717391304347826)","(0.9375, 0.7674418604651163)","(0.32318104906937395, 0.5347896440129449)","('[[53  1]\n [31 15]]', '[[44 10]\n [13 33]]')",0.46,French,Bachelors,"(30, 40)",Advanced,Government & Legal,Academic papers
2025-08-05 06:09:40,"(0.68, 0.79)","(0.6, 0.7741935483870968)","(0.48, 0.72)","(0.8, 0.8372093023255814)","(0.36, 0.5800000000000001)","('[[44  6]\n [26 24]]', '[[43  7]\n [14 36]]')",0.5,Spanish,High School,"(30, 40)",Advanced,Government & Legal,Fiction
2025-08-05 06:17:59,"(0.64, 0.71)","(0.5, 0.7289719626168224)","(0.36, 0.78)","(0.8181818181818182, 0.6842105263157895)","(0.28, 0.42000000000000004)","('[[46  4]\n [32 18]]', '[[32 18]\n [11 39]]')",0.5,Spanish,Ph.D.,"(18, 25)",Intermediate,Government & Legal,Businness News
2025-08-05 06:26:14,"(0.66, 0.7)","(0.575, 0.6511627906976745)","(0.4791666666666667, 0.5833333333333334)","(0.71875, 0.7368421052631579)","(0.31006493506493504, 0.3941841680129241)","('[[43  9]\n [25 23]]', '[[42 10]\n [20 28]]')",0.48,Italian,Bachelors,"(18, 25)",Advanced,Creative & Communication,Academic papers
2025-08-05 06:34:43,"(0.78, 0.78)","(0.78, 0.7843137254901961)","(0.7959183673469388, 0.8163265306122449)","(0.7647058823529411, 0.7547169811320755)","(0.5601759296281488, 0.5605273671594087)","('[[39 12]\n [10 39]]', '[[38 13]\n [ 9 40]]')",0.49,Arabic,Ph.D.,"(30, 40)",Intermediate,Creative & Communication,Non Fiction
2025-08-05 06:43:01,"(0.72, 0.77)","(0.631578947368421, 0.7294117647058823)","(0.48, 0.62)","(0.9230769230769231, 0.8857142857142857)","(0.43999999999999995, 0.54)","('[[48  2]\n [26 24]]', '[[46  4]\n [19 31]]')",0.5,Italian,Bachelors,"(25, 30)",Beginner,Government & Legal,Academic papers
2025-08-05 06:51:30,"(0.73, 0.9)","(0.6666666666666666, 0.9074074074074074)","(0.54, 0.98)","(0.8709677419354839, 0.8448275862068966)","(0.45999999999999996, 0.8)","('[[46  4]\n [23 27]]', '[[41  9]\n [ 1 49]]')",0.5,Arabic,Masters,"(30, 40)",Intermediate,Service & Hospitality,Academic papers
2025-08-05 06:59:52,"(0.92, 0.82)","(0.9215686274509803, 0.8421052631578947)","(0.94, 0.96)","(0.9038461538461539, 0.75)","(0.84, 0.64)","('[[45  5]\n [ 3 47]]', '[[34 16]\n [ 2 48]]')",0.5,Mandarin,High School,"(30, 40)",Advanced,Business & Office Work,Businness News
2025-08-05 07:08:04,"(0.82, 0.81)","(0.8301886792452831, 0.819047619047619)","(0.88, 0.86)","(0.7857142857142857, 0.7818181818181819)","(0.64, 0.62)","('[[38 12]\n [ 6 44]]', '[[38 12]\n [ 7 43]]')",0.5,Turkish,Ph.D.,"(18, 25)",Beginner,Service & Hospitality,Social Media
2025-08-05 07:16:23,"(0.73, 0.75)","(0.6823529411764706, 0.6987951807228916)","(0.5918367346938775, 0.5918367346938775)","(0.8055555555555556, 0.8529411764705882)","(0.45695897023330645, 0.496779388083736)","('[[44  7]\n [20 29]]', '[[46  5]\n [20 29]]')",0.49,Italian,Bachelors,"(30, 40)",Advanced,Healthcare,Businness News
2025-08-05 07:24:42,"(0.7, 0.79)","(0.5833333333333334, 0.7920792079207921)","(0.42857142857142855, 0.8163265306122449)","(0.9130434782608695, 0.7692307692307693)","(0.393449251920744, 0.580335731414868)","('[[49  2]\n [28 21]]', '[[39 12]\n [ 9 40]]')",0.49,Italian,Masters,"(18, 25)",Advanced,Service & Hospitality,Businness News
